{"('fullyconnected', 3.65524656295282e-05, 32, 1507)": {"training_accuracy": [0.361, 0.393, 0.436, 0.457, 0.452, 0.468, 0.479, 0.494, 0.503, 0.501, 0.51, 0.528, 0.527, 0.512, 0.533, 0.544, 0.549, 0.556, 0.557, 0.547, 0.571, 0.58, 0.582, 0.587, 0.592], "validation_accuracy": [0.349, 0.375, 0.411, 0.43, 0.429, 0.434, 0.449, 0.468, 0.466, 0.459, 0.472, 0.477, 0.476, 0.456, 0.479, 0.492, 0.485, 0.496, 0.486, 0.486, 0.496, 0.502, 0.5, 0.503, 0.517], "max_validation_accuracy": 0.517, "final_test_accuracy": 0.526}, "('fullyconnected', 1.0654982912456898e-05, 41, 1496)": {"training_accuracy": [0.344, 0.376, 0.39, 0.403, 0.416, 0.416, 0.434, 0.434, 0.444, 0.454, 0.45, 0.457, 0.465, 0.471, 0.474, 0.476, 0.481, 0.483, 0.488, 0.495, 0.494, 0.494, 0.499, 0.501, 0.498], "validation_accuracy": [0.332, 0.363, 0.373, 0.384, 0.399, 0.4, 0.414, 0.41, 0.422, 0.433, 0.427, 0.427, 0.44, 0.446, 0.447, 0.448, 0.452, 0.443, 0.455, 0.462, 0.455, 0.461, 0.464, 0.465, 0.456], "max_validation_accuracy": 0.465, "final_test_accuracy": 0.473}, "('fullyconnected', 0.00010156429384358735, 175, 1294)": {"training_accuracy": [0.369, 0.403, 0.406, 0.422, 0.447, 0.463, 0.472, 0.482, 0.483, 0.492, 0.49, 0.502, 0.512, 0.518, 0.517, 0.538, 0.535, 0.541, 0.538, 0.541, 0.548, 0.529, 0.559, 0.564, 0.575], "validation_accuracy": [0.37, 0.399, 0.407, 0.42, 0.446, 0.457, 0.463, 0.48, 0.467, 0.483, 0.476, 0.49, 0.49, 0.497, 0.492, 0.509, 0.511, 0.511, 0.505, 0.502, 0.509, 0.495, 0.519, 0.52, 0.532], "max_validation_accuracy": 0.532, "final_test_accuracy": 0.52}, "('fullyconnected', 0.0003608611171800935, 25, 1658)": {"training_accuracy": [0.396, 0.432, 0.465, 0.477, 0.483, 0.483, 0.502, 0.523, 0.524, 0.524, 0.517, 0.524, 0.559, 0.555, 0.56, 0.575, 0.57, 0.578, 0.587, 0.591, 0.602, 0.595, 0.607, 0.61, 0.607], "validation_accuracy": [0.381, 0.423, 0.441, 0.451, 0.455, 0.456, 0.463, 0.474, 0.475, 0.471, 0.478, 0.471, 0.505, 0.492, 0.495, 0.499, 0.494, 0.496, 0.513, 0.504, 0.51, 0.502, 0.504, 0.505, 0.509], "max_validation_accuracy": 0.513, "final_test_accuracy": 0.509}, "('fullyconnected', 0.0005029061432504575, 26, 848)": {"training_accuracy": [0.393, 0.424, 0.442, 0.448, 0.482, 0.469, 0.492, 0.502, 0.503, 0.52, 0.532, 0.523, 0.534, 0.546, 0.537, 0.541, 0.552, 0.552, 0.56, 0.56, 0.573, 0.562, 0.565, 0.575, 0.552], "validation_accuracy": [0.386, 0.418, 0.421, 0.426, 0.455, 0.435, 0.454, 0.471, 0.469, 0.482, 0.489, 0.474, 0.484, 0.492, 0.481, 0.49, 0.497, 0.494, 0.491, 0.498, 0.503, 0.485, 0.494, 0.5, 0.478], "max_validation_accuracy": 0.503, "final_test_accuracy": 0.484}}
